MAE,MAPE,sMAPE,MASE,RMSE
796.5112865810136,0.1321831515127033,0.1528208837371239,0.3965479292402121,1417.1630988216107
