MAE,MAPE,sMAPE,MASE,RMSE
796.3706950392577,0.1320971700492895,0.15259728064012418,0.39641531486948123,1414.952420804535
