MAE,MAPE,sMAPE,MASE,RMSE
1079.0073385082085,0.1775159235307105,0.2115091746090574,0.5316103884381279,1730.5011877011991
